sample,type,r,sd,score,position
WT,WT,1,0.20625007474947277,0,NA
F159L,Toxic/GOF,3.6211639264088333,0.6368544498679352,-9.63692408767039,159
F159W,Tolerant,1.22091485622035,0.48429248697464683,0.4077709792289456,159
F163L,Toxic/GOF,3.5390609465214227,0.7734244714873882,-8.068256823175462,163
F163Y,Tolerant,0.842749366753783,0.16059150382600437,0.4423316710750166,163
H50N,Toxic/GOF,1.3905739282631513,0.2948370475478732,-9.211116504135694,50
H50R,Tolerant,0.8126884349636938,0.0977561134924248,0.5192365847453461,50
F28V,Toxic/GOF,6.7484584608143106,1.1976237993485384,-9.665894841098009,28
F28Y,Tolerant,0.9003230825553726,0.15084972447718964,-0.4804925932282812,28
F54A,Toxic/GOF,1.9294897396089932,0.2991914603212735,-9.462969720793078,54
F54W,Tolerant,0.9710067637740437,0.2020793826878177,-0.16027479543830003,54
N156A,Toxic/GOF,5.419631265988192,0.803372200916091,-9.295106596278671,156
N156W,Tolerant,4.622329463144954,0.6426279994415532,-1.370658093631285,156
